match,n,i,target
True,2477,100,1
True,2477,100,1
True,2477,100,1
True,2477,100,1
True,2477,100,1
True,2477,100,1
True,2477,100,1
True,2477,100,1
True,2477,100,1
True,2477,100,1
True,2477,100,1
True,2477,100,1
True,2477,100,1
True,2477,100,1
True,2477,100,1
True,2477,100,1
True,2477,100,1
True,2477,100,1
True,2477,100,1
True,2477,100,1
True,2477,100,1
True,2477,100,1
True,2477,100,1
True,2477,100,1
True,2477,100,1
True,2477,100,1
True,2477,100,1
True,2477,100,1
True,2477,100,1
True,2477,100,1
True,2477,100,1
True,2477,100,1
True,2477,100,1
True,2477,100,1
True,2477,100,1
True,2477,100,1
True,2477,100,1
True,2477,100,1
True,2477,100,1
True,2477,100,1
True,2477,100,1
True,2477,100,1
True,2477,100,1
True,2477,100,1
True,2477,100,1
True,2477,100,1
True,2477,100,1
True,2477,100,1
True,2477,100,1
True,2477,100,1
True,2477,100,1
True,2477,100,1
True,2477,100,1
True,2477,100,1
True,2477,100,1
True,2477,100,1
True,2477,100,1
True,2477,100,1
True,2477,100,1
True,2477,100,1
True,2477,100,1
True,2477,100,1
True,2477,100,1
True,2477,100,1
True,2477,100,1
True,2477,100,1
True,2477,100,1
True,2477,100,1
True,2477,100,1
True,2477,100,1
True,2477,100,1
True,2477,100,1
True,2477,100,1
True,2477,100,1
True,2477,100,1
True,2477,100,1
True,2477,100,1
True,2477,100,1
True,2477,100,1
True,2477,100,1
True,2477,100,1
True,2477,100,1
True,2477,100,1
True,2477,100,1
True,2477,100,1
True,2477,100,1
True,2477,100,1
True,2477,100,1
True,2477,100,1
True,2477,100,1
True,2477,100,1
True,2477,100,1
True,2477,100,1
True,2477,100,1
True,2477,100,1
True,2477,100,1
True,2477,100,1
True,2477,100,1
True,2477,100,1
True,2477,100,1
True,2477,100,2
True,2477,100,2
True,2477,100,2
True,2477,100,2
True,2477,100,2
True,2477,100,2
True,2477,100,2
True,2477,100,2
True,2477,100,2
True,2477,100,2
True,2477,100,2
True,2477,100,2
True,2477,100,2
True,2477,100,2
True,2477,100,2
True,2477,100,2
True,2477,100,2
True,2477,100,2
True,2477,100,2
True,2477,100,2
True,2477,100,2
True,2477,100,2
True,2477,100,2
True,2477,100,2
True,2477,100,2
True,2477,100,2
True,2477,100,2
True,2477,100,2
True,2477,100,2
True,2477,100,2
True,2477,100,2
True,2477,100,2
True,2477,100,2
True,2477,100,2
True,2477,100,2
True,2477,100,2
True,2477,100,2
True,2477,100,2
True,2477,100,2
True,2477,100,2
True,2477,100,2
True,2477,100,2
True,2477,100,2
True,2477,100,2
True,2477,100,2
True,2477,100,2
True,2477,100,2
True,2477,100,2
True,2477,100,2
True,2477,100,2
True,2477,100,2
True,2477,100,2
True,2477,100,2
True,2477,100,2
True,2477,100,2
True,2477,100,2
True,2477,100,2
True,2477,100,2
True,2477,100,2
True,2477,100,2
True,2477,100,2
True,2477,100,2
True,2477,100,2
True,2477,100,2
True,2477,100,2
True,2477,100,2
True,2477,100,2
True,2477,100,2
True,2477,100,2
True,2477,100,2
True,2477,100,2
True,2477,100,2
True,2477,100,2
True,2477,100,2
True,2477,100,2
True,2477,100,2
True,2477,100,2
True,2477,100,2
True,2477,100,2
True,2477,100,2
True,2477,100,2
True,2477,100,2
True,2477,100,2
True,2477,100,2
True,2477,100,2
True,2477,100,2
True,2477,100,2
True,2477,100,2
True,2477,100,2
True,2477,100,2
True,2477,100,2
True,2477,100,2
True,2477,100,2
True,2477,100,2
True,2477,100,2
True,2477,100,2
True,2477,100,2
True,2477,100,2
True,2477,100,2
True,2477,100,2
True,2477,100,3
True,2477,100,3
True,2477,100,3
True,2477,100,3
True,2477,100,3
True,2477,100,3
True,2477,100,3
True,2477,100,3
True,2477,100,3
True,2477,100,3
True,2477,100,3
True,2477,100,3
True,2477,100,3
True,2477,100,3
True,2477,100,3
True,2477,100,3
True,2477,100,3
True,2477,100,3
True,2477,100,3
True,2477,100,3
True,2477,100,3
True,2477,100,3
True,2477,100,3
True,2477,100,3
True,2477,100,3
True,2477,100,3
True,2477,100,3
True,2477,100,3
True,2477,100,3
True,2477,100,3
True,2477,100,3
True,2477,100,3
True,2477,100,3
True,2477,100,3
True,2477,100,3
True,2477,100,3
True,2477,100,3
True,2477,100,3
True,2477,100,3
True,2477,100,3
True,2477,100,3
True,2477,100,3
True,2477,100,3
True,2477,100,3
True,2477,100,3
True,2477,100,3
True,2477,100,3
True,2477,100,3
True,2477,100,3
True,2477,100,3
True,2477,100,3
True,2477,100,3
True,2477,100,3
True,2477,100,3
True,2477,100,3
True,2477,100,3
True,2477,100,3
True,2477,100,3
True,2477,100,3
True,2477,100,3
True,2477,100,3
True,2477,100,3
True,2477,100,3
True,2477,100,3
True,2477,100,3
True,2477,100,3
True,2477,100,3
True,2477,100,3
True,2477,100,3
True,2477,100,3
True,2477,100,3
True,2477,100,3
True,2477,100,3
True,2477,100,3
True,2477,100,3
True,2477,100,3
True,2477,100,3
True,2477,100,3
True,2477,100,3
True,2477,100,3
True,2477,100,3
True,2477,100,3
True,2477,100,3
True,2477,100,3
True,2477,100,3
True,2477,100,3
True,2477,100,3
True,2477,100,3
True,2477,100,3
True,2477,100,3
True,2477,100,3
True,2477,100,3
True,2477,100,3
True,2477,100,3
True,2477,100,3
True,2477,100,3
True,2477,100,3
True,2477,100,3
True,2477,100,3
True,2477,100,3
True,2477,100,4
True,2477,100,4
True,2477,100,4
True,2477,100,4
True,2477,100,4
True,2477,100,4
True,2477,100,4
True,2477,100,4
True,2477,100,4
True,2477,100,4
True,2477,100,4
True,2477,100,4
True,2477,100,4
True,2477,100,4
True,2477,100,4
True,2477,100,4
True,2477,100,4
True,2477,100,4
True,2477,100,4
True,2477,100,4
True,2477,100,4
True,2477,100,4
True,2477,100,4
True,2477,100,4
True,2477,100,4
True,2477,100,4
True,2477,100,4
True,2477,100,4
True,2477,100,4
True,2477,100,4
True,2477,100,4
True,2477,100,4
True,2477,100,4
True,2477,100,4
True,2477,100,4
True,2477,100,4
True,2477,100,4
True,2477,100,4
True,2477,100,4
True,2477,100,4
True,2477,100,4
True,2477,100,4
True,2477,100,4
True,2477,100,4
True,2477,100,4
True,2477,100,4
True,2477,100,4
True,2477,100,4
True,2477,100,4
True,2477,100,4
True,2477,100,4
True,2477,100,4
True,2477,100,4
True,2477,100,4
True,2477,100,4
True,2477,100,4
True,2477,100,4
True,2477,100,4
True,2477,100,4
True,2477,100,4
True,2477,100,4
True,2477,100,4
True,2477,100,4
True,2477,100,4
True,2477,100,4
True,2477,100,4
True,2477,100,4
True,2477,100,4
True,2477,100,4
True,2477,100,4
True,2477,100,4
True,2477,100,4
True,2477,100,4
True,2477,100,4
True,2477,100,4
True,2477,100,4
True,2477,100,4
True,2477,100,4
True,2477,100,4
True,2477,100,4
True,2477,100,4
True,2477,100,4
True,2477,100,4
True,2477,100,4
True,2477,100,4
True,2477,100,4
True,2477,100,4
True,2477,100,4
True,2477,100,4
True,2477,100,4
True,2477,100,4
True,2477,100,4
True,2477,100,4
True,2477,100,4
True,2477,100,4
True,2477,100,4
True,2477,100,4
True,2477,100,4
True,2477,100,4
True,2477,100,4
True,2477,100,5
True,2477,100,5
True,2477,100,5
True,2477,100,5
True,2477,100,5
True,2477,100,5
True,2477,100,5
True,2477,100,5
True,2477,100,5
True,2477,100,5
True,2477,100,5
True,2477,100,5
True,2477,100,5
True,2477,100,5
True,2477,100,5
True,2477,100,5
True,2477,100,5
True,2477,100,5
True,2477,100,5
True,2477,100,5
True,2477,100,5
True,2477,100,5
True,2477,100,5
True,2477,100,5
True,2477,100,5
True,2477,100,5
True,2477,100,5
True,2477,100,5
True,2477,100,5
True,2477,100,5
True,2477,100,5
True,2477,100,5
True,2477,100,5
True,2477,100,5
True,2477,100,5
True,2477,100,5
True,2477,100,5
True,2477,100,5
True,2477,100,5
True,2477,100,5
True,2477,100,5
True,2477,100,5
True,2477,100,5
True,2477,100,5
True,2477,100,5
True,2477,100,5
True,2477,100,5
True,2477,100,5
True,2477,100,5
True,2477,100,5
True,2477,100,5
True,2477,100,5
True,2477,100,5
True,2477,100,5
True,2477,100,5
True,2477,100,5
True,2477,100,5
True,2477,100,5
True,2477,100,5
True,2477,100,5
True,2477,100,5
True,2477,100,5
True,2477,100,5
True,2477,100,5
True,2477,100,5
True,2477,100,5
True,2477,100,5
True,2477,100,5
True,2477,100,5
True,2477,100,5
True,2477,100,5
True,2477,100,5
True,2477,100,5
True,2477,100,5
True,2477,100,5
True,2477,100,5
True,2477,100,5
True,2477,100,5
True,2477,100,5
True,2477,100,5
True,2477,100,5
True,2477,100,5
True,2477,100,5
True,2477,100,5
True,2477,100,5
True,2477,100,5
True,2477,100,5
True,2477,100,5
True,2477,100,5
True,2477,100,5
True,2477,100,5
True,2477,100,5
True,2477,100,5
True,2477,100,5
True,2477,100,5
True,2477,100,5
True,2477,100,5
True,2477,100,5
True,2477,100,5
True,2477,100,5
True,2477,100,6
True,2477,100,6
True,2477,100,6
True,2477,100,6
True,2477,100,6
True,2477,100,6
True,2477,100,6
True,2477,100,6
True,2477,100,6
True,2477,100,6
True,2477,100,6
True,2477,100,6
True,2477,100,6
True,2477,100,6
True,2477,100,6
True,2477,100,6
True,2477,100,6
True,2477,100,6
True,2477,100,6
True,2477,100,6
True,2477,100,6
True,2477,100,6
True,2477,100,6
True,2477,100,6
True,2477,100,6
True,2477,100,6
True,2477,100,6
True,2477,100,6
True,2477,100,6
True,2477,100,6
True,2477,100,6
True,2477,100,6
True,2477,100,6
True,2477,100,6
True,2477,100,6
True,2477,100,6
True,2477,100,6
True,2477,100,6
True,2477,100,6
True,2477,100,6
True,2477,100,6
True,2477,100,6
True,2477,100,6
True,2477,100,6
True,2477,100,6
True,2477,100,6
True,2477,100,6
True,2477,100,6
True,2477,100,6
True,2477,100,6
True,2477,100,6
True,2477,100,6
True,2477,100,6
True,2477,100,6
True,2477,100,6
True,2477,100,6
True,2477,100,6
True,2477,100,6
True,2477,100,6
True,2477,100,6
True,2477,100,6
True,2477,100,6
True,2477,100,6
True,2477,100,6
True,2477,100,6
True,2477,100,6
True,2477,100,6
True,2477,100,6
True,2477,100,6
True,2477,100,6
True,2477,100,6
True,2477,100,6
True,2477,100,6
True,2477,100,6
True,2477,100,6
True,2477,100,6
True,2477,100,6
True,2477,100,6
True,2477,100,6
True,2477,100,6
True,2477,100,6
True,2477,100,6
True,2477,100,6
True,2477,100,6
True,2477,100,6
True,2477,100,6
True,2477,100,6
True,2477,100,6
True,2477,100,6
True,2477,100,6
True,2477,100,6
True,2477,100,6
True,2477,100,6
True,2477,100,6
True,2477,100,6
True,2477,100,6
True,2477,100,6
True,2477,100,6
True,2477,100,6
True,2477,100,6
True,2477,100,7
True,2477,100,7
True,2477,100,7
True,2477,100,7
True,2477,100,7
True,2477,100,7
True,2477,100,7
True,2477,100,7
True,2477,100,7
True,2477,100,7
True,2477,100,7
True,2477,100,7
True,2477,100,7
True,2477,100,7
True,2477,100,7
True,2477,100,7
True,2477,100,7
True,2477,100,7
True,2477,100,7
True,2477,100,7
True,2477,100,7
True,2477,100,7
True,2477,100,7
True,2477,100,7
True,2477,100,7
True,2477,100,7
True,2477,100,7
True,2477,100,7
True,2477,100,7
True,2477,100,7
True,2477,100,7
True,2477,100,7
True,2477,100,7
True,2477,100,7
True,2477,100,7
True,2477,100,7
True,2477,100,7
True,2477,100,7
True,2477,100,7
True,2477,100,7
True,2477,100,7
True,2477,100,7
True,2477,100,7
True,2477,100,7
True,2477,100,7
True,2477,100,7
True,2477,100,7
True,2477,100,7
True,2477,100,7
True,2477,100,7
True,2477,100,7
True,2477,100,7
True,2477,100,7
True,2477,100,7
True,2477,100,7
True,2477,100,7
True,2477,100,7
True,2477,100,7
True,2477,100,7
True,2477,100,7
True,2477,100,7
True,2477,100,7
True,2477,100,7
True,2477,100,7
True,2477,100,7
True,2477,100,7
True,2477,100,7
True,2477,100,7
True,2477,100,7
True,2477,100,7
True,2477,100,7
True,2477,100,7
True,2477,100,7
True,2477,100,7
True,2477,100,7
True,2477,100,7
True,2477,100,7
True,2477,100,7
True,2477,100,7
True,2477,100,7
True,2477,100,7
True,2477,100,7
True,2477,100,7
True,2477,100,7
True,2477,100,7
True,2477,100,7
True,2477,100,7
True,2477,100,7
True,2477,100,7
True,2477,100,7
True,2477,100,7
True,2477,100,7
True,2477,100,7
True,2477,100,7
True,2477,100,7
True,2477,100,7
True,2477,100,7
True,2477,100,7
True,2477,100,7
True,2477,100,7
False,2477,100,8
False,2477,100,8
False,2477,100,8
False,2477,100,8
False,2477,100,8
False,2477,100,8
False,2477,100,8
False,2477,100,8
False,2477,100,8
False,2477,100,8
False,2477,100,8
False,2477,100,8
False,2477,100,8
False,2477,100,8
False,2477,100,8
False,2477,100,8
False,2477,100,8
False,2477,100,8
False,2477,100,8
False,2477,100,8
False,2477,100,8
False,2477,100,8
False,2477,100,8
False,2477,100,8
False,2477,100,8
False,2477,100,8
False,2477,100,8
False,2477,100,8
False,2477,100,8
False,2477,100,8
False,2477,100,8
False,2477,100,8
False,2477,100,8
False,2477,100,8
False,2477,100,8
False,2477,100,8
False,2477,100,8
False,2477,100,8
False,2477,100,8
False,2477,100,8
False,2477,100,8
False,2477,100,8
False,2477,100,8
False,2477,100,8
False,2477,100,8
False,2477,100,8
False,2477,100,8
False,2477,100,8
False,2477,100,8
False,2477,100,8
False,2477,100,8
False,2477,100,8
False,2477,100,8
False,2477,100,8
False,2477,100,8
False,2477,100,8
False,2477,100,8
False,2477,100,8
False,2477,100,8
False,2477,100,8
False,2477,100,8
False,2477,100,8
False,2477,100,8
False,2477,100,8
False,2477,100,8
False,2477,100,8
False,2477,100,8
False,2477,100,8
False,2477,100,8
False,2477,100,8
False,2477,100,8
False,2477,100,8
False,2477,100,8
False,2477,100,8
False,2477,100,8
False,2477,100,8
False,2477,100,8
False,2477,100,8
False,2477,100,8
False,2477,100,8
False,2477,100,8
False,2477,100,8
False,2477,100,8
False,2477,100,8
False,2477,100,8
False,2477,100,8
False,2477,100,8
False,2477,100,8
False,2477,100,8
False,2477,100,8
False,2477,100,8
False,2477,100,8
False,2477,100,8
False,2477,100,8
False,2477,100,8
False,2477,100,8
False,2477,100,8
False,2477,100,8
False,2477,100,8
False,2477,100,8
False,1238,100,8
False,1238,100,8
False,1238,100,8
False,1238,100,8
False,1238,100,8
False,1238,100,8
False,1238,100,8
False,1238,100,8
False,1238,100,8
False,1238,100,8
False,1238,100,8
False,1238,100,8
False,1238,100,8
False,1238,100,8
False,1238,100,8
False,1238,100,8
False,1238,100,8
False,1238,100,8
False,1238,100,8
False,1238,100,8
False,1238,100,8
False,1238,100,8
False,1238,100,8
False,1238,100,8
False,1238,100,8
False,1238,100,8
False,1238,100,8
False,1238,100,8
False,1238,100,8
False,1238,100,8
False,1238,100,8
False,1238,100,8
False,1238,100,8
False,1238,100,8
False,1238,100,8
False,1238,100,8
False,1238,100,8
False,1238,100,8
False,1238,100,8
False,1238,100,8
False,1238,100,8
False,1238,100,8
False,1238,100,8
False,1238,100,8
False,1238,100,8
False,1238,100,8
False,1238,100,8
False,1238,100,8
False,1238,100,8
False,1238,100,8
False,1238,100,8
False,1238,100,8
False,1238,100,8
False,1238,100,8
False,1238,100,8
False,1238,100,8
False,1238,100,8
False,1238,100,8
False,1238,100,8
False,1238,100,8
False,1238,100,8
False,1238,100,8
False,1238,100,8
False,1238,100,8
False,1238,100,8
False,1238,100,8
False,1238,100,8
False,1238,100,8
False,1238,100,8
False,1238,100,8
False,1238,100,8
False,1238,100,8
False,1238,100,8
False,1238,100,8
False,1238,100,8
False,1238,100,8
False,1238,100,8
False,1238,100,8
False,1238,100,8
False,1238,100,8
False,1238,100,8
False,1238,100,8
False,1238,100,8
False,1238,100,8
False,1238,100,8
False,1238,100,8
False,1238,100,8
False,1238,100,8
False,1238,100,8
False,1238,100,8
False,1238,100,8
False,1238,100,8
False,1238,100,8
False,1238,100,8
False,1238,100,8
False,1238,100,8
False,1238,100,8
False,1238,100,8
False,1238,100,8
False,1238,100,8
False,619,100,8
False,619,100,8
False,619,100,8
False,619,100,8
False,619,100,8
False,619,100,8
False,619,100,8
False,619,100,8
False,619,100,8
False,619,100,8
False,619,100,8
False,619,100,8
False,619,100,8
False,619,100,8
False,619,100,8
False,619,100,8
False,619,100,8
False,619,100,8
False,619,100,8
False,619,100,8
False,619,100,8
False,619,100,8
False,619,100,8
False,619,100,8
False,619,100,8
False,619,100,8
False,619,100,8
False,619,100,8
False,619,100,8
False,619,100,8
False,619,100,8
False,619,100,8
False,619,100,8
False,619,100,8
False,619,100,8
False,619,100,8
False,619,100,8
False,619,100,8
False,619,100,8
False,619,100,8
False,619,100,8
False,619,100,8
False,619,100,8
False,619,100,8
False,619,100,8
False,619,100,8
False,619,100,8
False,619,100,8
False,619,100,8
False,619,100,8
False,619,100,8
False,619,100,8
False,619,100,8
False,619,100,8
False,619,100,8
False,619,100,8
False,619,100,8
False,619,100,8
False,619,100,8
False,619,100,8
False,619,100,8
False,619,100,8
False,619,100,8
False,619,100,8
False,619,100,8
False,619,100,8
False,619,100,8
False,619,100,8
False,619,100,8
False,619,100,8
False,619,100,8
False,619,100,8
False,619,100,8
False,619,100,8
False,619,100,8
False,619,100,8
False,619,100,8
False,619,100,8
False,619,100,8
False,619,100,8
False,619,100,8
False,619,100,8
False,619,100,8
False,619,100,8
False,619,100,8
False,619,100,8
False,619,100,8
False,619,100,8
False,619,100,8
False,619,100,8
False,619,100,8
False,619,100,8
False,619,100,8
False,619,100,8
False,619,100,8
False,619,100,8
False,619,100,8
False,619,100,8
False,619,100,8
False,619,100,8
True,310,100,8
True,310,100,8
True,310,100,8
True,310,100,8
True,310,100,8
True,310,100,8
True,310,100,8
True,310,100,8
True,310,100,8
False,310,100,8
True,310,100,8
True,310,100,8
True,310,100,8
True,310,100,8
True,310,100,8
True,310,100,8
True,310,100,8
True,310,100,8
True,310,100,8
True,310,100,8
True,310,100,8
True,310,100,8
True,310,100,8
False,310,100,8
True,310,100,8
True,310,100,8
True,310,100,8
True,310,100,8
True,310,100,8
True,310,100,8
True,310,100,8
True,310,100,8
True,310,100,8
True,310,100,8
True,310,100,8
True,310,100,8
True,310,100,8
True,310,100,8
False,310,100,8
True,310,100,8
True,310,100,8
True,310,100,8
True,310,100,8
True,310,100,8
True,310,100,8
True,310,100,8
True,310,100,8
True,310,100,8
True,310,100,8
True,310,100,8
True,310,100,8
True,310,100,8
True,310,100,8
True,310,100,8
True,310,100,8
True,310,100,8
True,310,100,8
True,310,100,8
True,310,100,8
True,310,100,8
False,310,100,8
True,310,100,8
True,310,100,8
False,310,100,8
True,310,100,8
True,310,100,8
True,310,100,8
True,310,100,8
True,310,100,8
True,310,100,8
True,310,100,8
True,310,100,8
True,310,100,8
False,310,100,8
True,310,100,8
True,310,100,8
True,310,100,8
True,310,100,8
True,310,100,8
True,310,100,8
True,310,100,8
False,310,100,8
True,310,100,8
True,310,100,8
True,310,100,8
True,310,100,8
True,310,100,8
True,310,100,8
True,310,100,8
True,310,100,8
True,310,100,8
True,310,100,8
True,310,100,8
True,310,100,8
True,310,100,8
True,310,100,8
True,310,100,8
True,310,100,8
True,310,100,8
True,310,100,8
True,155,100,8
True,155,100,8
True,155,100,8
True,155,100,8
True,155,100,8
True,155,100,8
True,155,100,8
True,155,100,8
True,155,100,8
True,155,100,8
True,155,100,8
True,155,100,8
True,155,100,8
True,155,100,8
True,155,100,8
True,155,100,8
True,155,100,8
True,155,100,8
True,155,100,8
True,155,100,8
True,155,100,8
True,155,100,8
True,155,100,8
True,155,100,8
True,155,100,8
True,155,100,8
True,155,100,8
True,155,100,8
True,155,100,8
True,155,100,8
True,155,100,8
True,155,100,8
True,155,100,8
True,155,100,8
True,155,100,8
True,155,100,8
True,155,100,8
True,155,100,8
True,155,100,8
True,155,100,8
True,155,100,8
True,155,100,8
True,155,100,8
True,155,100,8
True,155,100,8
True,155,100,8
True,155,100,8
True,155,100,8
True,155,100,8
True,155,100,8
True,155,100,8
True,155,100,8
True,155,100,8
True,155,100,8
True,155,100,8
True,155,100,8
True,155,100,8
True,155,100,8
False,155,100,8
True,155,100,8
True,155,100,8
True,155,100,8
True,155,100,8
True,155,100,8
True,155,100,8
True,155,100,8
True,155,100,8
True,155,100,8
True,155,100,8
True,155,100,8
True,155,100,8
True,155,100,8
True,155,100,8
True,155,100,8
True,155,100,8
True,155,100,8
True,155,100,8
True,155,100,8
True,155,100,8
True,155,100,8
True,155,100,8
True,155,100,8
True,155,100,8
True,155,100,8
True,155,100,8
True,155,100,8
True,155,100,8
True,155,100,8
True,155,100,8
True,155,100,8
True,155,100,8
True,155,100,8
True,155,100,8
True,155,100,8
True,155,100,8
True,155,100,8
True,155,100,8
True,155,100,8
True,155,100,8
True,155,100,8
True,78,100,8
True,78,100,8
True,78,100,8
True,78,100,8
True,78,100,8
True,78,100,8
True,78,100,8
True,78,100,8
True,78,100,8
True,78,100,8
True,78,100,8
True,78,100,8
True,78,100,8
True,78,100,8
True,78,100,8
True,78,100,8
True,78,100,8
True,78,100,8
True,78,100,8
True,78,100,8
True,78,100,8
True,78,100,8
True,78,100,8
True,78,100,8
True,78,100,8
True,78,100,8
True,78,100,8
True,78,100,8
True,78,100,8
True,78,100,8
True,78,100,8
True,78,100,8
True,78,100,8
True,78,100,8
True,78,100,8
True,78,100,8
True,78,100,8
True,78,100,8
True,78,100,8
True,78,100,8
True,78,100,8
True,78,100,8
True,78,100,8
True,78,100,8
True,78,100,8
True,78,100,8
True,78,100,8
True,78,100,8
True,78,100,8
True,78,100,8
True,78,100,8
True,78,100,8
True,78,100,8
True,78,100,8
True,78,100,8
True,78,100,8
True,78,100,8
True,78,100,8
True,78,100,8
True,78,100,8
True,78,100,8
True,78,100,8
True,78,100,8
True,78,100,8
True,78,100,8
True,78,100,8
True,78,100,8
True,78,100,8
True,78,100,8
True,78,100,8
True,78,100,8
True,78,100,8
True,78,100,8
True,78,100,8
True,78,100,8
True,78,100,8
True,78,100,8
True,78,100,8
True,78,100,8
True,78,100,8
True,78,100,8
True,78,100,8
True,78,100,8
True,78,100,8
True,78,100,8
True,78,100,8
True,78,100,8
True,78,100,8
True,78,100,8
True,78,100,8
True,78,100,8
True,78,100,8
True,78,100,8
True,78,100,8
True,78,100,8
True,78,100,8
True,78,100,8
True,78,100,8
True,78,100,8
True,78,100,8
True,116,100,8
True,116,100,8
True,116,100,8
True,116,100,8
True,116,100,8
True,116,100,8
True,116,100,8
True,116,100,8
True,116,100,8
True,116,100,8
True,116,100,8
True,116,100,8
True,116,100,8
True,116,100,8
True,116,100,8
True,116,100,8
True,116,100,8
True,116,100,8
True,116,100,8
True,116,100,8
True,116,100,8
True,116,100,8
True,116,100,8
True,116,100,8
True,116,100,8
True,116,100,8
True,116,100,8
True,116,100,8
True,116,100,8
True,116,100,8
True,116,100,8
True,116,100,8
True,116,100,8
True,116,100,8
True,116,100,8
True,116,100,8
True,116,100,8
True,116,100,8
True,116,100,8
True,116,100,8
True,116,100,8
True,116,100,8
True,116,100,8
True,116,100,8
True,116,100,8
True,116,100,8
True,116,100,8
True,116,100,8
True,116,100,8
True,116,100,8
True,116,100,8
True,116,100,8
True,116,100,8
True,116,100,8
True,116,100,8
True,116,100,8
True,116,100,8
True,116,100,8
True,116,100,8
True,116,100,8
True,116,100,8
True,116,100,8
True,116,100,8
True,116,100,8
True,116,100,8
True,116,100,8
True,116,100,8
True,116,100,8
True,116,100,8
True,116,100,8
True,116,100,8
True,116,100,8
True,116,100,8
True,116,100,8
True,116,100,8
True,116,100,8
True,116,100,8
True,116,100,8
True,116,100,8
True,116,100,8
True,116,100,8
True,116,100,8
True,116,100,8
True,116,100,8
True,116,100,8
True,116,100,8
True,116,100,8
True,116,100,8
True,116,100,8
True,116,100,8
True,116,100,8
True,116,100,8
True,116,100,8
True,116,100,8
True,116,100,8
True,116,100,8
True,116,100,8
True,116,100,8
True,116,100,8
True,116,100,8
True,136,100,8
True,136,100,8
True,136,100,8
True,136,100,8
True,136,100,8
True,136,100,8
True,136,100,8
True,136,100,8
True,136,100,8
True,136,100,8
True,136,100,8
True,136,100,8
True,136,100,8
True,136,100,8
True,136,100,8
True,136,100,8
True,136,100,8
True,136,100,8
True,136,100,8
True,136,100,8
True,136,100,8
True,136,100,8
True,136,100,8
True,136,100,8
True,136,100,8
True,136,100,8
True,136,100,8
True,136,100,8
True,136,100,8
True,136,100,8
True,136,100,8
True,136,100,8
True,136,100,8
True,136,100,8
True,136,100,8
True,136,100,8
True,136,100,8
True,136,100,8
True,136,100,8
True,136,100,8
True,136,100,8
True,136,100,8
True,136,100,8
True,136,100,8
True,136,100,8
True,136,100,8
True,136,100,8
True,136,100,8
True,136,100,8
True,136,100,8
True,136,100,8
True,136,100,8
True,136,100,8
True,136,100,8
True,136,100,8
True,136,100,8
True,136,100,8
True,136,100,8
True,136,100,8
True,136,100,8
True,136,100,8
True,136,100,8
True,136,100,8
True,136,100,8
True,136,100,8
True,136,100,8
True,136,100,8
True,136,100,8
True,136,100,8
True,136,100,8
True,136,100,8
True,136,100,8
True,136,100,8
True,136,100,8
True,136,100,8
True,136,100,8
True,136,100,8
True,136,100,8
True,136,100,8
True,136,100,8
True,136,100,8
True,136,100,8
True,136,100,8
True,136,100,8
True,136,100,8
True,136,100,8
True,136,100,8
True,136,100,8
True,136,100,8
True,136,100,8
True,136,100,8
True,136,100,8
True,136,100,8
True,136,100,8
True,136,100,8
True,136,100,8
True,136,100,8
True,136,100,8
True,136,100,8
True,136,100,8
True,146,100,8
True,146,100,8
True,146,100,8
True,146,100,8
True,146,100,8
True,146,100,8
True,146,100,8
True,146,100,8
True,146,100,8
True,146,100,8
True,146,100,8
True,146,100,8
True,146,100,8
True,146,100,8
True,146,100,8
True,146,100,8
True,146,100,8
True,146,100,8
True,146,100,8
True,146,100,8
True,146,100,8
True,146,100,8
True,146,100,8
True,146,100,8
True,146,100,8
True,146,100,8
True,146,100,8
True,146,100,8
True,146,100,8
True,146,100,8
True,146,100,8
True,146,100,8
True,146,100,8
True,146,100,8
True,146,100,8
True,146,100,8
True,146,100,8
True,146,100,8
True,146,100,8
True,146,100,8
True,146,100,8
True,146,100,8
True,146,100,8
True,146,100,8
True,146,100,8
True,146,100,8
True,146,100,8
True,146,100,8
True,146,100,8
True,146,100,8
True,146,100,8
True,146,100,8
True,146,100,8
True,146,100,8
True,146,100,8
True,146,100,8
True,146,100,8
True,146,100,8
True,146,100,8
True,146,100,8
True,146,100,8
True,146,100,8
True,146,100,8
True,146,100,8
True,146,100,8
True,146,100,8
True,146,100,8
True,146,100,8
True,146,100,8
True,146,100,8
True,146,100,8
True,146,100,8
True,146,100,8
True,146,100,8
True,146,100,8
True,146,100,8
True,146,100,8
True,146,100,8
True,146,100,8
True,146,100,8
True,146,100,8
True,146,100,8
True,146,100,8
True,146,100,8
True,146,100,8
True,146,100,8
True,146,100,8
True,146,100,8
True,146,100,8
True,146,100,8
True,146,100,8
True,146,100,8
True,146,100,8
True,146,100,8
True,146,100,8
True,146,100,8
True,146,100,8
True,146,100,8
True,146,100,8
True,146,100,8
True,150,100,8
True,150,100,8
True,150,100,8
True,150,100,8
True,150,100,8
True,150,100,8
True,150,100,8
True,150,100,8
True,150,100,8
True,150,100,8
True,150,100,8
True,150,100,8
True,150,100,8
True,150,100,8
True,150,100,8
True,150,100,8
True,150,100,8
True,150,100,8
True,150,100,8
True,150,100,8
True,150,100,8
True,150,100,8
True,150,100,8
True,150,100,8
True,150,100,8
True,150,100,8
True,150,100,8
True,150,100,8
True,150,100,8
True,150,100,8
True,150,100,8
True,150,100,8
True,150,100,8
True,150,100,8
True,150,100,8
True,150,100,8
True,150,100,8
True,150,100,8
True,150,100,8
True,150,100,8
True,150,100,8
True,150,100,8
True,150,100,8
True,150,100,8
True,150,100,8
True,150,100,8
True,150,100,8
True,150,100,8
True,150,100,8
True,150,100,8
True,150,100,8
True,150,100,8
True,150,100,8
True,150,100,8
True,150,100,8
True,150,100,8
True,150,100,8
True,150,100,8
True,150,100,8
True,150,100,8
True,150,100,8
True,150,100,8
True,150,100,8
True,150,100,8
True,150,100,8
True,150,100,8
True,150,100,8
True,150,100,8
True,150,100,8
True,150,100,8
True,150,100,8
True,150,100,8
True,150,100,8
True,150,100,8
True,150,100,8
True,150,100,8
True,150,100,8
True,150,100,8
True,150,100,8
True,150,100,8
True,150,100,8
True,150,100,8
True,150,100,8
True,150,100,8
True,150,100,8
True,150,100,8
True,150,100,8
True,150,100,8
True,150,100,8
True,150,100,8
True,150,100,8
True,150,100,8
True,150,100,8
True,150,100,8
True,150,100,8
True,150,100,8
True,150,100,8
True,150,100,8
True,150,100,8
True,150,100,8
True,152,100,8
True,152,100,8
True,152,100,8
True,152,100,8
True,152,100,8
True,152,100,8
True,152,100,8
True,152,100,8
True,152,100,8
True,152,100,8
True,152,100,8
True,152,100,8
True,152,100,8
True,152,100,8
True,152,100,8
True,152,100,8
True,152,100,8
True,152,100,8
True,152,100,8
True,152,100,8
True,152,100,8
True,152,100,8
True,152,100,8
True,152,100,8
True,152,100,8
True,152,100,8
True,152,100,8
True,152,100,8
True,152,100,8
True,152,100,8
True,152,100,8
True,152,100,8
True,152,100,8
True,152,100,8
True,152,100,8
True,152,100,8
True,152,100,8
True,152,100,8
True,152,100,8
True,152,100,8
True,152,100,8
True,152,100,8
True,152,100,8
True,152,100,8
True,152,100,8
True,152,100,8
True,152,100,8
True,152,100,8
True,152,100,8
True,152,100,8
True,152,100,8
True,152,100,8
True,152,100,8
True,152,100,8
True,152,100,8
True,152,100,8
True,152,100,8
True,152,100,8
True,152,100,8
True,152,100,8
True,152,100,8
True,152,100,8
True,152,100,8
True,152,100,8
True,152,100,8
True,152,100,8
True,152,100,8
True,152,100,8
True,152,100,8
True,152,100,8
True,152,100,8
True,152,100,8
True,152,100,8
True,152,100,8
True,152,100,8
True,152,100,8
True,152,100,8
True,152,100,8
True,152,100,8
True,152,100,8
True,152,100,8
True,152,100,8
True,152,100,8
True,152,100,8
True,152,100,8
True,152,100,8
True,152,100,8
True,152,100,8
True,152,100,8
True,152,100,8
True,152,100,8
True,152,100,8
True,152,100,8
True,152,100,8
True,152,100,8
True,152,100,8
True,152,100,8
True,152,100,8
True,152,100,8
True,152,100,8
True,154,100,8
True,154,100,8
True,154,100,8
True,154,100,8
True,154,100,8
True,154,100,8
True,154,100,8
True,154,100,8
True,154,100,8
True,154,100,8
True,154,100,8
True,154,100,8
True,154,100,8
True,154,100,8
True,154,100,8
True,154,100,8
True,154,100,8
True,154,100,8
True,154,100,8
True,154,100,8
True,154,100,8
True,154,100,8
True,154,100,8
True,154,100,8
True,154,100,8
True,154,100,8
True,154,100,8
True,154,100,8
True,154,100,8
True,154,100,8
True,154,100,8
True,154,100,8
True,154,100,8
True,154,100,8
True,154,100,8
True,154,100,8
True,154,100,8
True,154,100,8
True,154,100,8
True,154,100,8
True,154,100,8
True,154,100,8
True,154,100,8
True,154,100,8
True,154,100,8
True,154,100,8
True,154,100,8
True,154,100,8
True,154,100,8
True,154,100,8
True,154,100,8
True,154,100,8
True,154,100,8
True,154,100,8
True,154,100,8
True,154,100,8
True,154,100,8
True,154,100,8
True,154,100,8
True,154,100,8
True,154,100,8
True,154,100,8
True,154,100,8
True,154,100,8
True,154,100,8
True,154,100,8
True,154,100,8
True,154,100,8
True,154,100,8
True,154,100,8
True,154,100,8
True,154,100,8
True,154,100,8
True,154,100,8
True,154,100,8
True,154,100,8
True,154,100,8
True,154,100,8
True,154,100,8
True,154,100,8
True,154,100,8
True,154,100,8
True,154,100,8
True,154,100,8
True,154,100,8
True,154,100,8
True,154,100,8
True,154,100,8
True,154,100,8
True,154,100,8
True,154,100,8
True,154,100,8
True,154,100,8
True,154,100,8
True,154,100,8
True,154,100,8
True,154,100,8
True,154,100,8
True,154,100,8
True,154,100,8
True,2477,100,9
True,2477,100,9
True,2477,100,9
True,2477,100,9
True,2477,100,9
True,2477,100,9
True,2477,100,9
True,2477,100,9
True,2477,100,9
True,2477,100,9
True,2477,100,9
True,2477,100,9
True,2477,100,9
True,2477,100,9
True,2477,100,9
True,2477,100,9
True,2477,100,9
True,2477,100,9
True,2477,100,9
True,2477,100,9
True,2477,100,9
True,2477,100,9
True,2477,100,9
True,2477,100,9
True,2477,100,9
True,2477,100,9
True,2477,100,9
True,2477,100,9
True,2477,100,9
True,2477,100,9
True,2477,100,9
True,2477,100,9
True,2477,100,9
True,2477,100,9
True,2477,100,9
True,2477,100,9
True,2477,100,9
True,2477,100,9
True,2477,100,9
True,2477,100,9
True,2477,100,9
True,2477,100,9
True,2477,100,9
True,2477,100,9
True,2477,100,9
True,2477,100,9
True,2477,100,9
True,2477,100,9
True,2477,100,9
True,2477,100,9
True,2477,100,9
True,2477,100,9
True,2477,100,9
True,2477,100,9
True,2477,100,9
True,2477,100,9
True,2477,100,9
True,2477,100,9
True,2477,100,9
True,2477,100,9
True,2477,100,9
True,2477,100,9
True,2477,100,9
True,2477,100,9
True,2477,100,9
True,2477,100,9
True,2477,100,9
True,2477,100,9
True,2477,100,9
True,2477,100,9
True,2477,100,9
True,2477,100,9
True,2477,100,9
True,2477,100,9
True,2477,100,9
True,2477,100,9
True,2477,100,9
True,2477,100,9
True,2477,100,9
True,2477,100,9
True,2477,100,9
True,2477,100,9
True,2477,100,9
True,2477,100,9
True,2477,100,9
True,2477,100,9
True,2477,100,9
True,2477,100,9
True,2477,100,9
True,2477,100,9
True,2477,100,9
True,2477,100,9
True,2477,100,9
True,2477,100,9
True,2477,100,9
True,2477,100,9
True,2477,100,9
True,2477,100,9
True,2477,100,9
True,2477,100,9
True,2477,100,10
True,2477,100,10
True,2477,100,10
True,2477,100,10
True,2477,100,10
True,2477,100,10
True,2477,100,10
True,2477,100,10
True,2477,100,10
True,2477,100,10
True,2477,100,10
True,2477,100,10
True,2477,100,10
True,2477,100,10
True,2477,100,10
True,2477,100,10
True,2477,100,10
True,2477,100,10
True,2477,100,10
True,2477,100,10
True,2477,100,10
True,2477,100,10
True,2477,100,10
True,2477,100,10
True,2477,100,10
True,2477,100,10
True,2477,100,10
True,2477,100,10
True,2477,100,10
True,2477,100,10
True,2477,100,10
True,2477,100,10
True,2477,100,10
True,2477,100,10
True,2477,100,10
True,2477,100,10
True,2477,100,10
True,2477,100,10
True,2477,100,10
True,2477,100,10
True,2477,100,10
True,2477,100,10
True,2477,100,10
True,2477,100,10
True,2477,100,10
True,2477,100,10
True,2477,100,10
True,2477,100,10
True,2477,100,10
True,2477,100,10
True,2477,100,10
True,2477,100,10
True,2477,100,10
True,2477,100,10
True,2477,100,10
True,2477,100,10
True,2477,100,10
True,2477,100,10
True,2477,100,10
True,2477,100,10
True,2477,100,10
True,2477,100,10
True,2477,100,10
True,2477,100,10
True,2477,100,10
True,2477,100,10
True,2477,100,10
True,2477,100,10
True,2477,100,10
True,2477,100,10
True,2477,100,10
True,2477,100,10
True,2477,100,10
True,2477,100,10
True,2477,100,10
True,2477,100,10
True,2477,100,10
True,2477,100,10
True,2477,100,10
True,2477,100,10
True,2477,100,10
True,2477,100,10
True,2477,100,10
True,2477,100,10
True,2477,100,10
True,2477,100,10
True,2477,100,10
True,2477,100,10
True,2477,100,10
True,2477,100,10
True,2477,100,10
True,2477,100,10
True,2477,100,10
True,2477,100,10
True,2477,100,10
True,2477,100,10
True,2477,100,10
True,2477,100,10
True,2477,100,10
True,2477,100,10
True,2477,100,11
True,2477,100,11
True,2477,100,11
True,2477,100,11
True,2477,100,11
True,2477,100,11
True,2477,100,11
True,2477,100,11
True,2477,100,11
True,2477,100,11
True,2477,100,11
True,2477,100,11
True,2477,100,11
True,2477,100,11
True,2477,100,11
True,2477,100,11
True,2477,100,11
True,2477,100,11
True,2477,100,11
True,2477,100,11
True,2477,100,11
True,2477,100,11
True,2477,100,11
True,2477,100,11
True,2477,100,11
True,2477,100,11
True,2477,100,11
True,2477,100,11
True,2477,100,11
True,2477,100,11
True,2477,100,11
True,2477,100,11
True,2477,100,11
True,2477,100,11
True,2477,100,11
True,2477,100,11
True,2477,100,11
True,2477,100,11
True,2477,100,11
True,2477,100,11
True,2477,100,11
True,2477,100,11
True,2477,100,11
True,2477,100,11
True,2477,100,11
True,2477,100,11
True,2477,100,11
True,2477,100,11
True,2477,100,11
True,2477,100,11
True,2477,100,11
True,2477,100,11
True,2477,100,11
True,2477,100,11
True,2477,100,11
True,2477,100,11
True,2477,100,11
True,2477,100,11
True,2477,100,11
True,2477,100,11
True,2477,100,11
True,2477,100,11
True,2477,100,11
True,2477,100,11
True,2477,100,11
True,2477,100,11
True,2477,100,11
True,2477,100,11
True,2477,100,11
True,2477,100,11
True,2477,100,11
True,2477,100,11
True,2477,100,11
True,2477,100,11
True,2477,100,11
True,2477,100,11
True,2477,100,11
True,2477,100,11
True,2477,100,11
True,2477,100,11
True,2477,100,11
True,2477,100,11
True,2477,100,11
True,2477,100,11
True,2477,100,11
True,2477,100,11
True,2477,100,11
True,2477,100,11
True,2477,100,11
True,2477,100,11
True,2477,100,11
True,2477,100,11
True,2477,100,11
True,2477,100,11
True,2477,100,11
True,2477,100,11
True,2477,100,11
True,2477,100,11
True,2477,100,11
True,2477,100,11
